"original_text","perturbed_text","original_score","perturbed_score","original_output","perturbed_output","ground_truth_output","num_queries","result_type"
"Fears for T [[N]] pension after [[talks]] [[Unions]] [[representing]] [[workers]] at Turner   Newall say they are 'disappointed' after [[talks]] with [[stricken]] [[parent]] [[firm]] [[Federal]] Mogul.","Fears for T [[percent]] pension after [[debate]] [[Syndicates]] [[portrayal]] [[worker]] at Turner   Newall say they are 'disappointed' after [[chatter]] with [[bereaved]] [[parenting]] [[corporations]] [[Canada]] Mogul.",0.0005753040313720703,0.5664080381393433,2,0,2,336,"Successful"
"The Race is [[On]]: Second [[Private]] [[Team]] [[Sets]] [[Launch]] [[Date]] for [[Human]] Spaceflight ([[SPACE]].com) [[SPACE]].com - [[TORONTO]], [[Canada]] -- [[A]] second\[[team]] of rocketeers [[competing]] for the  #36;10 [[million]] Ansari X [[Prize]], a [[contest]] for\[[privately]] [[funded]] suborbital [[space]] [[flight]], [[has]] [[officially]] [[announced]] the first\[[launch]] [[date]] for its [[manned]] [[rocket]].","The Race is [[Around]]: Second [[Privy]] [[Remit]] [[Set]] [[Lanza]] [[Timeline]] for [[Humanitarian]] Spaceflight ([[SEPARATION]].com) [[SEPARATION]].com - [[CANADIENS]], [[Countries]] -- [[para]] second\[[squad]] of rocketeers [[suitors]] for the  #36;10 [[billion]] Ansari X [[Nobel]], a [[contestant]] for\[[covertly]] [[championed]] suborbital [[spaceship]] [[plane]], [[had]] [[solemnly]] [[proclaim]] the first\[[began]] [[timeline]] for its [[desolate]] [[bomb]].",0.0005041360855102539,0.5415135622024536,3,0,3,640,"Successful"
"Ky. [[Company]] Wins Grant to Study Peptides ([[AP]]) [[AP]] - A company founded by a chemistry researcher at the University of Louisville won a grant to develop a method of producing better peptides, which are short chains of amino acids, the building blocks of proteins.","Ky. [[Businesses]] Wins Grant to Study Peptides ([[HAS]]) [[HAS]] - A company founded by a chemistry researcher at the University of Louisville won a grant to develop a method of producing better peptides, which are short chains of amino acids, the building blocks of proteins.",0.0003541707992553711,0.5443355441093445,3,2,3,76,"Successful"
"[[Prediction]] Unit Helps Forecast Wildfires (AP) [[AP]] - It's barely dawn when [[Mike]] Fitzpatrick starts his shift with a blur of colorful maps, figures and endless charts, but already he knows what the day will bring. Lightning will strike in places he expects. Winds will pick up, moist places will dry and flames will roar.","[[Outlook]] Unit Helps Forecast Wildfires (AP) [[HAS]] - It's barely dawn when [[Michael]] Fitzpatrick starts his shift with a blur of colorful maps, figures and endless charts, but already he knows what the day will bring. Lightning will strike in places he expects. Winds will pick up, moist places will dry and flames will roar.",0.0006284117698669434,0.7341341972351074,3,2,3,115,"Successful"
"Calif. Aims to Limit Farm-Related [[Smog]] (AP) AP - Southern California's smog-fighting agency went after emissions of the [[bovine]] variety Friday, adopting the nation's first rules to reduce air pollution from dairy cow manure.","Calif. Aims to Limit Farm-Related [[Cigarettes]] (AP) AP - Southern California's smog-fighting agency went after emissions of the [[niu]] variety Friday, adopting the nation's first rules to reduce air pollution from dairy cow manure.",0.0009513497352600098,0.5462938547134399,3,0,3,56,"Successful"
"Open [[Letter]] Against British [[Copyright]] Indoctrination in [[Schools]] The British Department for [[Education]] and [[Skills]] (DfES) [[recently]] launched a ""[[Music]] [[Manifesto]]"" [[campaign]], with the ostensible [[intention]] of educating the next [[generation]] of British musicians. Unfortunately, they also teamed up with the music industry (EMI, and [[various]] [[artists]]) to [[make]] this popular. EMI has apparently negotiated their end well, so that children in our schools will now be indoctrinated about the illegality of [[downloading]] music.The [[ignorance]] and audacity of this [[got]] to me a little, so I wrote an open letter to the DfES about it. Unfortunately, it's pedantic, as [[I]] suppose you have to be when writing to goverment representatives. But I hope you find it useful, and perhaps feel inspired to do something similar, if or when the same thing has happened in your area.","Open [[Charters]] Against British [[Pirating]] Indoctrination in [[Establishment]] The British Department for [[Ecole]] and [[Expertise]] (DfES) [[freshly]] launched a ""[[Composers]] [[Overt]]"" [[countryside]], with the ostensible [[tends]] of educating the next [[generations]] of British musicians. Unfortunately, they also teamed up with the music industry (EMI, and [[manifold]] [[performers]]) to [[supplying]] this popular. EMI has apparently negotiated their end well, so that children in our schools will now be indoctrinated about the illegality of [[unloading]] music.The [[disregard]] and audacity of this [[ha]] to me a little, so I wrote an open letter to the DfES about it. Unfortunately, it's pedantic, as [[me]] suppose you have to be when writing to goverment representatives. But I hope you find it useful, and perhaps feel inspired to do something similar, if or when the same thing has happened in your area.",0.0005587935447692871,0.5240264534950256,3,2,3,558,"Successful"
"[[Loosing]] the [[War]] on [[Terrorism]] \\""[[Sven]] Jaschan, self-confessed [[author]] of the Netsky and Sasser [[viruses]], is\[[responsible]] for 70 [[percent]] of virus [[infections]] in 2004, according to a six-month\virus roundup [[published]] [[Wednesday]] by antivirus [[company]] Sophos.""\\""The 18-year-old Jaschan was [[taken]] into [[custody]] in Germany in [[May]] by [[police]] who\[[said]] he [[had]] [[admitted]] [[programming]] both the Netsky and Sasser [[worms]], something\[[experts]] at Microsoft confirmed. ([[A]] Microsoft [[antivirus]] [[reward]] [[program]] [[led]] to the\teenager's [[arrest]].) [[During]] the five [[months]] [[preceding]] Jaschan's [[capture]], there\were at least 25 [[variants]] of Netsky and one of the port-scanning network [[worm]]\Sasser.""\\""[[Graham]] Cluley, senior [[technology]] [[consultant]] at Sophos, [[said]] it was staggeri ...\\","[[Looses]] the [[Wartime]] on [[Terrorist]] \\""[[Jörg]] Jaschan, self-confessed [[screenwriter]] of the Netsky and Sasser [[influenza]], is\[[accountable]] for 70 [[phosphorus]] of virus [[wounded]] in 2004, according to a six-month\virus roundup [[edited]] [[Today]] by antivirus [[societies]] Sophos.""\\""The 18-year-old Jaschan was [[brought]] into [[arresting]] in Germany in [[Possible]] by [[policeman]] who\[[commented]] he [[did]] [[conceded]] [[programmes]] both the Netsky and Sasser [[verses]], something\[[specialised]] at Microsoft confirmed. ([[another]] Microsoft [[virus]] [[wage]] [[scheduled]] [[prompted]] to the\teenager's [[prisoner]].) [[Roundabout]] the five [[mois]] [[aforementioned]] Jaschan's [[seizure]], there\were at least 25 [[variation]] of Netsky and one of the port-scanning network [[voir]]\Sasser.""\\""[[Duncan]] Cluley, senior [[technique]] [[advisers]] at Sophos, [[confirmed]] it was staggeri ...\\",0.00021308660507202148,0.01166081428527832,3,3,3,1141,"Failed"
"FOAFKey: FOAF, PGP, [[Key]] [[Distribution]], and [[Bloom]] Filters \\FOAF/[[LOAF]]  and [[bloom]] filters [[have]] a [[lot]] of [[interesting]] [[properties]] for [[social]]\[[network]] and whitelist [[distribution]].\\I [[think]] we can [[go]] one level [[higher]] [[though]] and [[include]] GPG/OpenPGP [[key]]\fingerpring distribution in the FOAF [[file]] for [[simple]] web-of-trust [[based]] [[key]]\[[distribution]].\\What if we used FOAF and [[included]] the PGP [[key]] [[fingerprint]](s) for [[identities]]?\[[This]] could [[mean]] a [[lot]].  You [[include]] the PGP [[key]] [[fingerprints]] within the FOAF\[[file]] of your [[direct]] [[friends]] and then [[include]] a bloom [[filter]] of the PGP [[key]]\[[fingerprints]] of your [[entire]] whitelist (the [[source]] FOAF [[file]] would of [[course]] [[need]]\to [[be]] [[encrypted]] ).\\Your whitelist would [[be]] [[populated]] from the [[social]] [[network]] as your [[client]]\[[discovered]] [[new]] identit ...\\","FOAFKey: FOAF, PGP, [[Elementary]] [[Spanned]], and [[Floral]] Filters \\FOAF/[[BAKING]]  and [[flourishing]] filters [[could]] a [[multiple]] of [[thrilling]] [[featuring]] for [[sympathetic]]\[[grills]] and whitelist [[syndication]].\\I [[notion]] we can [[gonna]] one level [[more]] [[although]] and [[includes]] GPG/OpenPGP [[elemental]]\fingerpring distribution in the FOAF [[dossier]] for [[facile]] web-of-trust [[depended]] [[elementary]]\[[circulate]].\\What if we used FOAF and [[constituted]] the PGP [[primordial]] [[print]](s) for [[identity]]?\[[These]] could [[averages]] a [[shipments]].  You [[implicate]] the PGP [[crucial]] [[fingerprinting]] within the FOAF\[[roster]] of your [[outspoken]] [[boyfriend]] and then [[involve]] a bloom [[strainer]] of the PGP [[basic]]\[[impression]] of your [[general]] whitelist (the [[beginnings]] FOAF [[archived]] would of [[manner]] [[gotta]]\to [[ser]] [[ciphers]] ).\\Your whitelist would [[have]] [[occupied]] from the [[sociable]] [[net]] as your [[eaters]]\[[fossils]] [[recent]] identit ...\\",0.00020104646682739258,0.0009383559226989746,3,3,3,1461,"Failed"
"E-mail scam targets police chief Wiltshire Police warns about ""phishing"" after its [[fraud]] [[squad]] [[chief]] was targeted.","E-mail scam targets police chief Wiltshire Police warns about ""phishing"" after its [[hoax]] [[battalion]] [[leiter]] was targeted.",0.022804677486419678,0.5474941730499268,3,0,3,121,"Successful"
"Card fraud unit nets 36,000 cards In its first two years, the UK's dedicated [[card]] fraud unit, has recovered 36,000 stolen cards and 171 arrests - and estimates it saved 65m.","Card fraud unit nets 36,000 cards In its first two years, the UK's dedicated [[cards]] fraud unit, has recovered 36,000 stolen cards and 171 arrests - and estimates it saved 65m.",0.017461299896240234,0.9704490900039673,3,2,3,41,"Successful"
"[[Group]] to [[Propose]] New High-Speed Wireless [[Format]]  LOS ANGELES ([[Reuters]]) - A [[group]] of technology companies  including Texas Instruments [[Inc]]. &[[lt]];TXN.N&gt;, STMicroelectronics  &lt;STM.PA&gt; and Broadcom Corp. &[[lt]];BRCM.O&gt;, on [[Thursday]] said they  will [[propose]] a new wireless networking [[standard]] up to 10 [[times]]  the [[speed]] of the current generation.","[[Pools]] to [[Projects]] New High-Speed Wireless [[Formulas]]  LOS ANGELES ([[Newsday]]) - A [[regrouped]] of technology companies  including Texas Instruments [[Ltd]]. &[[ensign]];TXN.N&gt;, STMicroelectronics  &lt;STM.PA&gt; and Broadcom Corp. &[[ensign]];BRCM.O&gt;, on [[Yesterday]] said they  will [[nominate]] a new wireless networking [[stallion]] up to 10 [[juncture]]  the [[rapidity]] of the current generation.",0.0015039443969726562,0.5348551273345947,3,2,3,378,"Successful"
"Apple Launches [[Graphics]] Software, [[Video]] Bundle  LOS ANGELES ([[Reuters]]) - Apple Computer Inc.&[[lt]];AAPL.O&gt; on  Tuesday began [[shipping]] a new program [[designed]] to [[let]] users  [[create]] real-time motion [[graphics]] and [[unveiled]] a discount  video-editing software [[bundle]] [[featuring]] its flagship [[Final]] [[Cut]]  Pro software.","Apple Launches [[Charting]] Software, [[Films]] Bundle  LOS ANGELES ([[Newsday]]) - Apple Computer Inc.&[[tl]];AAPL.O&gt; on  Tuesday began [[freight]] a new program [[directed]] to [[letting]] users  [[creates]] real-time motion [[cards]] and [[reveals]] a discount  video-editing software [[parcel]] [[starring]] its flagship [[Semifinal]] [[Decrease]]  Pro software.",0.002693653106689453,0.5189704895019531,3,2,3,499,"Successful"
"[[Dutch]] Retailer [[Beats]] [[Apple]] to Local [[Download]] [[Market]]  AMSTERDAM ([[Reuters]]) - Free [[Record]] Shop, a Dutch music  retail chain, beat Apple Computer [[Inc]]. to market on [[Tuesday]]  with the launch of a [[new]] download service in Europe's latest  battleground for digital song services.","[[Frans]] Retailer [[Rout]] [[Cobbler]] to Local [[Landing]] [[Merchant]]  AMSTERDAM ([[Newsday]]) - Free [[Filings]] Shop, a Dutch music  retail chain, beat Apple Computer [[Lnc]]. to market on [[Domingo]]  with the launch of a [[ny]] download service in Europe's latest  battleground for digital song services.",0.0007685422897338867,0.5757452249526978,3,2,3,273,"Successful"
"[[Super]] ant [[colony]] hits [[Australia]] A [[giant]] 100km colony of [[ants]]  which has been [[discovered]] in [[Melbourne]], Australia, could threaten [[local]] [[insect]] species.","[[Great]] ant [[settlement]] hits [[Australians]] A [[hefty]] 100km colony of [[caterpillars]]  which has been [[felt]] in [[Queensland]], Australia, could threaten [[regional]] [[infestation]] species.",0.009645462036132812,0.5417172908782959,3,0,3,312,"Successful"
"[[Socialites]] unite dolphin [[groups]] Dolphin [[groups]], or ""[[pods]]"", rely on [[socialites]] to [[keep]] them from [[collapsing]], [[scientists]] [[claim]].","[[Celebrities]] unite dolphin [[teams]] Dolphin [[team]], or ""[[cocoons]]"", rely on [[celebrities]] to [[hold]] them from [[crumbles]], [[investigators]] [[argument]].",0.03272479772567749,0.6003581285476685,3,0,3,304,"Successful"
"[[Teenage]] T. rex's [[monster]] [[growth]] Tyrannosaurus rex [[achieved]] its [[massive]] size due to an enormous [[growth]] spurt during its [[adolescent]] [[years]].","[[Jeune]] T. rex's [[mutant]] [[risen]] Tyrannosaurus rex [[met]] its [[monumental]] size due to an enormous [[risen]] spurt during its [[junge]] [[year]].",0.001522839069366455,0.5031968951225281,3,0,3,315,"Successful"
"Scientists [[Discover]] Ganymede [[has]] a Lumpy [[Interior]] [[Jet]] [[Propulsion]] [[Lab]] -- Scientists have discovered [[irregular]] [[lumps]] beneath the icy surface of Jupiter's largest [[moon]], Ganymede. [[These]] irregular masses may [[be]] rock formations, [[supported]] by Ganymede's icy shell for [[billions]] of [[years]]...","Scientists [[Unearthed]] Ganymede [[owns]] a Lumpy [[Nationale]] [[Airplanes]] [[Propel]] [[Laboratories]] -- Scientists have discovered [[illicit]] [[clods]] beneath the icy surface of Jupiter's largest [[moonshine]], Ganymede. [[Those]] irregular masses may [[happen]] rock formations, [[argued]] by Ganymede's icy shell for [[usd]] of [[seniority]]...",0.0003412961959838867,0.7248705625534058,3,1,3,365,"Successful"
"Mars Rovers Relay Images Through Mars [[Express]] European [[Space]] [[Agency]] -- ESAs [[Mars]] Express has relayed [[pictures]] from one of NASA's [[Mars]] rovers for the first time, as part of a [[set]] of [[interplanetary]] [[networking]] demonstrations.     The [[demonstrations]] pave the way for future [[Mars]] [[missions]] to [[draw]] on [[joint]] interplanetary [[networking]] capabilities...","Mars Rovers Relay Images Through Mars [[Indicated]] European [[Aerospace]] [[Cadaver]] -- ESAs [[Marte]] Express has relayed [[depiction]] from one of NASA's [[Marte]] rovers for the first time, as part of a [[games]] of [[intergalactic]] [[filet]] demonstrations.     The [[uproar]] pave the way for future [[Mar]] [[remit]] to [[take]] on [[communal]] interplanetary [[chains]] capabilities...",0.00020819902420043945,0.5129039287567139,3,0,3,382,"Successful"
"Rocking the Cradle of Life When did life begin? One evidential clue stems from the fossil records in Western [[Australia]], although whether these layered sediments are biological or chemical has spawned a spirited [[debate]]. Oxford researcher, [[Nicola]] [[McLoughlin]], [[describes]] some of the issues in [[contention]].","Rocking the Cradle of Life When did life begin? One evidential clue stems from the fossil records in Western [[O]], although whether these layered sediments are biological or chemical has spawned a spirited [[discussing]]. Oxford researcher, [[Nikolaus]] [[molloy]], [[contours]] some of the issues in [[wrangle]].",0.0005165338516235352,0.5279878973960876,3,1,3,179,"Successful"
"Storage, servers bruise [[HP]] [[earnings]] update [[Earnings]] per [[share]] rise compared with a [[year]] ago, but company misses analysts' expectations by a long shot.","Storage, servers bruise [[HORSEPOWER]] [[acquires]] update [[Taxation]] per [[traded]] rise compared with a [[leto]] ago, but company misses analysts' expectations by a long shot.",0.0016301274299621582,0.5493749380111694,3,2,3,171,"Successful"
"IBM to hire even more new workers By the end of the year, the computing giant [[plans]] to have its biggest headcount since 1991.","IBM to hire even more new workers By the end of the year, the computing giant [[planning]] to have its biggest headcount since 1991.",0.11989361047744751,0.6982322335243225,3,2,3,54,"Successful"
"Sun's Looking Glass [[Provides]] 3D [[View]] Developers [[get]] [[early]] code for new operating [[system]] 'skin' [[still]] being [[crafted]].","Sun's Looking Glass [[Poses]] 3D [[Findings]] Developers [[acquire]] [[earliest]] code for new operating [[devices]] 'skin' [[farther]] being [[readies]].",0.0008358955383300781,0.5182609558105469,3,0,3,422,"Successful"
"IBM Chips May Someday Heal [[Themselves]] New technology applies electrical fuses to [[help]] identify and repair [[faults]].","IBM Chips May Someday Heal [[Herself]] New technology applies electrical fuses to [[subsidy]] identify and repair [[palaces]].",0.002064943313598633,0.8837515115737915,3,2,3,130,"Successful"
"Some People Not Eligible to Get in on Google IPO Google has billed its IPO as a way for everyday people to get in on the process, denying Wall Street the usual stranglehold it's had on IPOs. Public bidding, a minimum of just five shares, an open process with 28 underwriters - all this pointed to a new level of public participation. But this isn't the case.","Some People Not Eligible to Get in on Google IPO Google has billed its IPO as a way for everyday people to get in on the process, denying Wall Street the usual stranglehold it's had on IPOs. Public bidding, a minimum of just five shares, an open process with 28 underwriters - all this pointed to a new level of public participation. But this isn't the case.",0.9707434773445129,0.9707434773445129,2,2,3,1,"Skipped"
"Rivals Try to Turn Tables on Charles Schwab [[By]] MICHAEL LIEDTKE     SAN FRANCISCO (AP) -- With its low prices and iconoclastic attitude, discount stock broker Charles Schwab Corp. (SCH) represented an annoying stone in Wall Street's wing-tipped shoes for decades...","Rivals Try to Turn Tables on Charles Schwab [[In]] MICHAEL LIEDTKE     SAN FRANCISCO (AP) -- With its low prices and iconoclastic attitude, discount stock broker Charles Schwab Corp. (SCH) represented an annoying stone in Wall Street's wing-tipped shoes for decades...",0.0003590583801269531,0.840855062007904,3,2,3,41,"Successful"
"[[News]]: [[Sluggish]] [[movement]] on [[power]] [[grid]] [[cyber]] [[security]] [[Industry]] [[cyber]] [[security]] [[standards]] fail to [[reach]] some of the most [[vulnerable]] [[components]] of the [[power]] [[grid]].\","[[Journalism]]: [[Lifeless]] [[transport]] on [[faculties]] [[mesh]] [[cybernetic]] [[protected]] [[Mun]] [[electronic]] [[protected]] [[uniformed]] fail to [[reaching]] some of the most [[helpless]] [[shutters]] of the [[competence]] [[grill]].\",0.00023609399795532227,0.4834350347518921,3,3,3,468,"Failed"
"[[Giddy]] Phelps Touches Gold for First Time Michael Phelps won the gold medal in the 400 individual medley and set a world record in a time of 4 minutes 8.26 seconds.","[[Exhilarated]] Phelps Touches Gold for First Time Michael Phelps won the gold medal in the 400 individual medley and set a world record in a time of 4 minutes 8.26 seconds.",0.26372861862182617,0.5106104612350464,1,0,1,50,"Successful"
"Tougher rules won't soften Law's game FOXBOROUGH -- [[Looking]] at his ridiculously [[developed]] [[upper]] body, with [[huge]] [[biceps]] and [[hardly]] an ounce of fat, it's easy to see why Ty [[Law]], [[arguably]] the [[best]] [[cornerback]] in football, [[chooses]] [[physical]] [[play]] over [[finesse]]. That's not to [[imply]] that he's lacking a [[finesse]] [[component]], because he can [[shut]] down his side of the [[field]] [[much]] as [[Deion]] [[Sanders]] ...","Tougher rules won't soften Law's game FOXBOROUGH -- [[Searches]] at his ridiculously [[poised]] [[supreme]] body, with [[grande]] [[muscles]] and [[scarcely]] an ounce of fat, it's easy to see why Ty [[Legislation]], [[unmistakably]] the [[upper]] [[freshman]] in football, [[election]] [[tangible]] [[sets]] over [[shrewdness]]. That's not to [[entailed]] that he's lacking a [[smoothness]] [[constituents]], because he can [[lock]] down his side of the [[sector]] [[tremendously]] as [[Javon]] [[Goodwin]] ...",8.308887481689453e-05,0.7138370275497437,1,2,1,648,"Successful"
"Shoppach doesn't appear ready to hit the next level With the weeks dwindling until [[Jason]] Varitek [[enters]] free agency, the Red Sox continue to carefully monitor Kelly Shoppach , their catcher of the future, in his climb toward the majors. The Sox like most of what they have [[seen]] at Triple A Pawtucket from Shoppach, though it remains [[highly]] uncertain whether he can make the adjustments at the plate ...","Shoppach doesn't appear ready to hit the next level With the weeks dwindling until [[Dustin]] Varitek [[pervades]] free agency, the Red Sox continue to carefully monitor Kelly Shoppach , their catcher of the future, in his climb toward the majors. The Sox like most of what they have [[levied]] at Triple A Pawtucket from Shoppach, though it remains [[immeasurably]] uncertain whether he can make the adjustments at the plate ...",0.06015700101852417,0.5207507610321045,1,0,1,167,"Successful"
"[[Mighty]] Ortiz makes [[sure]] Sox can rest easy [[Just]] [[imagine]] what David Ortiz could do on a [[good]] night's [[rest]]. Ortiz spent the night before [[last]] with his baby boy, D'Angelo, who is [[barely]] 1 month old. He had planned on [[attending]] the Red Sox' [[Family]] [[Day]] at Fenway Park yesterday morning, but he had to sleep in. After all, Ortiz had a son at home, and he ...","[[Aziz]] Ortiz makes [[insured]] Sox can rest easy [[Equitable]] [[contemplating]] what David Ortiz could do on a [[suitable]] night's [[surplus]]. Ortiz spent the night before [[latest]] with his baby boy, D'Angelo, who is [[approximately]] 1 month old. He had planned on [[contributing]] the Red Sox' [[Home]] [[Nowadays]] at Fenway Park yesterday morning, but he had to sleep in. After all, Ortiz had a son at home, and he ...",8.71419906616211e-05,0.531908392906189,1,2,1,337,"Successful"
"They've [[caught]] his [[eye]] [[In]]  quot;[[helping]] themselves, quot; Ricky [[Bryant]], Chas Gessner, [[Michael]] [[Jennings]], and David Patten [[did]] nothing [[Friday]] [[night]] to [[make]] [[Bill]] Belichick's [[decision]] on what to [[do]] with his [[receivers]] any easier.","They've [[arrests]] his [[eyelids]] [[At]]  quot;[[apu]] themselves, quot; Ricky [[Terrell]], Chas Gessner, [[Michele]] [[Donovan]], and David Patten [[were]] nothing [[Sunday]] [[dark]] to [[makes]] [[Billing]] Belichick's [[verdicts]] on what to [[done]] with his [[addressee]] any easier.",5.888938903808594e-05,0.00019484758377075195,1,1,1,449,"Failed"
"[[Indians]] Mount [[Charge]] The [[Cleveland]] [[Indians]] [[pulled]] within one game of the AL [[Central]] [[lead]] by [[beating]] the [[Minnesota]] Twins, 7-1, [[Saturday]] night with home [[runs]] by Travis Hafner and Victor [[Martinez]].","[[Natives]] Mount [[Expense]] The [[Cardinals]] [[Indio]] [[pull]] within one game of the AL [[Powerhouse]] [[guided]] by [[thumping]] the [[Nebraska]] Twins, 7-1, [[Monday]] night with home [[run]] by Travis Hafner and Victor [[Velasquez]].",0.00025838613510131836,0.03419214487075806,1,1,1,609,"Failed"
"[[Sister]] of [[man]] who [[died]] in Vancouver police [[custody]] [[slams]] [[chief]] (Canadian [[Press]]) Canadian [[Press]] - [[VANCOUVER]] ([[CP]]) - The [[sister]] of a [[man]] who [[died]] after a [[violent]] [[confrontation]] with [[police]] [[has]] [[demanded]] the city's [[chief]] constable [[resign]] for [[defending]] the [[officer]] [[involved]].","[[Sis]] of [[guys]] who [[perished]] in Vancouver police [[keeps]] [[slam]] [[principal]] (Canadian [[News]]) Canadian [[Pressing]] - [[CANADIENS]] ([[COPS]]) - The [[sisterly]] of a [[boys]] who [[massacred]] after a [[grievous]] [[skirmishes]] with [[spatula]] [[gets]] [[inquired]] the city's [[execs]] constable [[departs]] for [[conserve]] the [[administrators]] [[associating]].",0.0003923773765563965,0.749697744846344,0,3,0,889,"Successful"
"Man Sought  #36;50M From McGreevey, Aides Say (AP) [[AP]] - The man who claims [[Gov]]. James [[E]]. McGreevey sexually harassed him was [[pushing]] for a cash settlement of up to  #36;50 million before the governor decided to announce that he was gay and had an extramarital affair, sources told The Associated Press.","Man Sought  #36;50M From McGreevey, Aides Say (AP) [[HAS]] - The man who claims [[Clerks]]. James [[f]]. McGreevey sexually harassed him was [[nudging]] for a cash settlement of up to  #36;50 million before the governor decided to announce that he was gay and had an extramarital affair, sources told The Associated Press.",0.000597834587097168,0.8275691270828247,0,2,0,98,"Successful"
"[[Explosions]] [[Echo]] [[Throughout]] [[Najaf]] [[NAJAF]], [[Iraq]] - [[Explosions]] and [[gunfire]] [[rattled]] through the [[city]] of Najaf as [[U]].[[S]]. [[troops]] in [[armored]] [[vehicles]] and [[tanks]] [[rolled]] back into the [[streets]] here [[Sunday]], a [[day]] after the [[collapse]] of [[talks]] - and with them a [[temporary]] cease-fire - [[intended]] to [[end]] the [[fighting]] in this [[holy]] [[city]]...","[[Eruptions]] [[Eco]] [[From]] [[Fallujah]] [[IRAQIS]], [[Afghanis]] - [[Bombers]] and [[filming]] [[kicked]] through the [[downtown]] of Najaf as [[ryu]].[[r]]. [[troupe]] in [[shielded]] [[vehicular]] and [[storehouse]] [[intruded]] back into the [[driveways]] here [[Tuesday]], a [[today]] after the [[fall]] of [[negotiator]] - and with them a [[temp]] cease-fire - [[envisioned]] to [[cease]] the [[wrestling]] in this [[sant]] [[mayor]]...",0.00021964311599731445,0.4502347707748413,0,0,0,802,"Failed"
"Frail [[Pope]] Celebrates Mass at Lourdes LOURDES, [[France]] - A [[frail]] Pope [[John]] [[Paul]] [[II]], [[breathing]] [[heavily]] and [[gasping]] at [[times]], [[celebrated]] an open-air [[Mass]] on [[Sunday]] for [[several]] hundred thousand [[pilgrims]], [[many]] in [[wheelchairs]], at a [[shrine]] to the [[Virgin]] [[Mary]] that is [[associated]] with [[miraculous]] [[cures]].    At one [[point]] he [[said]] ""[[help]] me"" in [[Polish]] while [[struggling]] through his [[homily]] in [[French]]...","Frail [[Pops]] Celebrates Mass at Lourdes LOURDES, [[Francy]] - A [[insufficient]] Pope [[Joanne]] [[Paolo]] [[SECONDLY]], [[sigh]] [[fundamentally]] and [[wriggling]] at [[seasons]], [[famed]] an open-air [[Massachusetts]] on [[Nr]] for [[different]] hundred thousand [[basking]], [[miscellaneous]] in [[chairmen]], at a [[shrines]] to the [[Blank]] [[Marries]] that is [[relating]] with [[magic]] [[remedy]].    At one [[subjects]] he [[stated]] ""[[contributions]] me"" in [[Warsaw]] while [[battaglia]] through his [[papal]] in [[Parisian]]...",0.00020736455917358398,0.572431206703186,0,1,0,777,"Successful"
"Venezuela Prepares for Chavez Recall [[Vote]] Supporters and rivals warn of possible fraud; government says Chavez's defeat could produce turmoil in world oil market.","Venezuela Prepares for Chavez Recall [[Election]] Supporters and rivals warn of possible fraud; government says Chavez's defeat could produce turmoil in world oil market.",0.18361979722976685,0.6837909817695618,0,2,0,43,"Successful"
"1994 [[Law]] Designed to Preserve Guard Jobs ([[AP]]) [[AP]] - A 1994 law strengthened job protections for National Guard and Reserve troops called to active duty. Here are major provisions of the Uniformed Services Employment and Reemployment Rights Act (USERRA).","1994 [[Billing]] Designed to Preserve Guard Jobs ([[PA]]) [[HAS]] - A 1994 law strengthened job protections for National Guard and Reserve troops called to active duty. Here are major provisions of the Uniformed Services Employment and Reemployment Rights Act (USERRA).",0.0007459521293640137,0.7536539435386658,0,2,0,86,"Successful"
"[[Iran]] [[Warns]] Its [[Missiles]] [[Can]] [[Hit]] Anywhere in [[Israel]]  [[TEHRAN]] ([[Reuters]]) - A [[senior]] [[Iranian]] military [[official]] said  Sunday [[Israel]] and the [[United]] [[States]] would not [[dare]] [[attack]] [[Iran]]  [[since]] it could [[strike]] back anywhere in Israel with its [[latest]]  [[missiles]], [[news]] [[agencies]] [[reported]].","[[Muslim]] [[Apprised]] Its [[Detonating]] [[Ca]] [[Assailed]] Anywhere in [[Yehuda]]  [[TEHERAN]] ([[Newsday]]) - A [[alumni]] [[Teheran]] military [[officials]] said  Sunday [[Jews]] and the [[Estados]] [[State]] would not [[audacity]] [[aggressiveness]] [[Farsi]]  [[afterward]] it could [[homers]] back anywhere in Israel with its [[yesteryear]]  [[blast]], [[beginner]] [[organisms]] [[alluded]].",0.00025516748428344727,0.5368411540985107,0,3,0,672,"Successful"
"Afghan Army [[Dispatched]] to [[Calm]] [[Violence]] [[KABUL]], [[Afghanistan]] - [[Government]] troops [[intervened]] in Afghanistan's [[latest]] [[outbreak]] of [[deadly]] [[fighting]] between [[warlords]], [[flying]] from the [[capital]] to the [[far]] [[west]] on U.[[S]]. and NATO airplanes to retake an [[air]] [[base]] [[contested]] in the [[violence]], officials [[said]] [[Sunday]]...","Afghan Army [[Mailing]] to [[Serena]] [[Bullying]] [[AFGHANIS]], [[Taliban]] - [[Administration]] troops [[intruding]] in Afghanistan's [[recent]] [[outburst]] of [[died]] [[wrestling]] between [[noblemen]], [[vol]] from the [[investing]] to the [[infinitely]] [[sai]] on U.[[seconds]]. and NATO airplanes to retake an [[weather]] [[database]] [[competitions]] in the [[brute]], officials [[pointed]] [[Tonight]]...",0.0002078413963317871,0.5648093223571777,0,1,0,703,"Successful"
"Johnson [[Helps]] D-Backs [[End]] Nine-Game [[Slide]] ([[AP]]) [[AP]] - [[Randy]] Johnson [[took]] a four-hitter into the [[ninth]] [[inning]] to [[help]] the [[Arizona]] Diamondbacks [[end]] a nine-game [[losing]] [[streak]] [[Sunday]], [[beating]] Steve Trachsel and the [[New]] York [[Mets]] 2-0.","Johnson [[Endorsing]] D-Backs [[Complete]] Nine-Game [[Landslides]] ([[PA]]) [[PA]] - [[Saunders]] Johnson [[fired]] a four-hitter into the [[thirteen]] [[sox]] to [[relief]] the [[Colorado]] Diamondbacks [[halt]] a nine-game [[loser]] [[wave]] [[Domingos]], [[overpowering]] Steve Trachsel and the [[Nuevo]] York [[Dodger]] 2-0.",5.9723854064941406e-05,0.0006248354911804199,1,1,1,597,"Failed"
"Retailers Vie for Back-To-School [[Buyers]] (Reuters) Reuters - Apparel [[retailers]] are hoping their\back-to-school fashions will make the grade among\style-conscious teens and young adults this fall, but it could\be a tough sell, with students and parents keeping a tighter\hold on their wallets.","Retailers Vie for Back-To-School [[Subscriber]] (Reuters) Reuters - Apparel [[dopers]] are hoping their\back-to-school fashions will make the grade among\style-conscious teens and young adults this fall, but it could\be a tough sell, with students and parents keeping a tighter\hold on their wallets.",0.00045162439346313477,0.5087461471557617,2,3,2,119,"Successful"
"[[Politics]] an Afterthought Amid Hurricane (AP) [[AP]] - If Hurricane Charley had struck three years ago, President Bush's tour through the wreckage of this coastal city would have been just the sort of post-disaster visit that other presidents have made to the scenes of storms, earthquakes, floods and fires.","[[Strategic]] an Afterthought Amid Hurricane (AP) [[HAD]] - If Hurricane Charley had struck three years ago, President Bush's tour through the wreckage of this coastal city would have been just the sort of post-disaster visit that other presidents have made to the scenes of storms, earthquakes, floods and fires.",0.0003364086151123047,0.8842386603355408,0,2,0,55,"Successful"
"Spam suspension [[hits]] Sohu.com [[shares]] ([[FT]].[[com]]) FT.[[com]] - Shares in Sohu.com, a [[leading]] US-listed Chinese [[internet]] portal, [[fell]] more than 10 per [[cent]] on [[Friday]] after China's [[biggest]] [[mobile]] [[phone]] [[network]] [[operator]] [[imposed]] a one-year [[suspension]] on its [[multimedia]] [[messaging]] [[services]] because of [[customers]] being [[sent]] [[spam]].","Spam suspension [[hit]] Sohu.com [[proportions]] ([[IP]].[[kom]]) FT.[[kom]] - Shares in Sohu.com, a [[key]] US-listed Chinese [[web]] portal, [[decreased]] more than 10 per [[hundred]] on [[Sunday]] after China's [[strongest]] [[chattel]] [[calls]] [[web]] [[administrator]] [[meted]] a one-year [[halted]] on its [[presse]] [[communications]] [[conveniences]] because of [[customer]] being [[transmitting]] [[emails]].",0.009876430034637451,0.5234760642051697,3,0,3,590,"Successful"
"Erstad's [[Double]] [[Lifts]] Angels to [[Win]] ([[AP]]) AP - Darin Erstad doubled in the go-ahead run in the [[eighth]] [[inning]], [[lifting]] the [[Anaheim]] Angels to a 3-2 [[victory]] over the [[Detroit]] [[Tigers]] on [[Sunday]]. The [[win]] [[pulled]] Anaheim within a percentage point of [[Boston]] and [[Texas]] in the [[AL]] wild-card [[race]].","Erstad's [[Twin]] [[Risers]] Angels to [[Success]] ([[PA]]) AP - Darin Erstad doubled in the go-ahead run in the [[thirteen]] [[innings]], [[elevation]] the [[Stockton]] Angels to a 3-2 [[jens]] over the [[Hai]] [[Panthers]] on [[Saturdays]]. The [[conquer]] [[shoot]] Anaheim within a percentage point of [[Rochester]] and [[Lubbock]] in the [[CL]] wild-card [[careers]].",0.00010454654693603516,0.0002854466438293457,1,1,1,621,"Failed"
"[[Drew]] [[Out]] of Braves' Lineup [[After]] [[Injury]] ([[AP]]) [[AP]] - Outfielder [[J]].D. [[Drew]] [[missed]] the [[Atlanta]] Braves' [[game]] against the St. Louis [[Cardinals]] on [[Sunday]] [[night]] with a [[sore]] [[right]] quadriceps.","[[Urges]] [[Beyond]] of Braves' Lineup [[Until]] [[Infections]] ([[PA]]) [[HECTARE]] - Outfielder [[i]].D. [[Requested]] [[breached]] the [[Portsmouth]] Braves' [[games]] against the St. Louis [[Penguins]] on [[Weekends]] [[interferes]] with a [[ache]] [[true]] quadriceps.",6.461143493652344e-05,0.0004101395606994629,1,1,1,525,"Failed"
"Venezuelans [[Flood]] [[Polls]], Voting [[Extended]]  [[CARACAS]], Venezuela ([[Reuters]]) - Venezuelans voted in huge  numbers on Sunday in a historic referendum on whether to recall  left-wing President Hugo Chavez and [[electoral]] authorities  prolonged voting well into the night.","Venezuelans [[Blizzard]] [[Enquiry]], Voting [[Enlargements]]  [[CHAVEZ]], Venezuela ([[Newsday]]) - Venezuelans voted in huge  numbers on Sunday in a historic referendum on whether to recall  left-wing President Hugo Chavez and [[wahl]] authorities  prolonged voting well into the night.",0.002134978771209717,0.958175539970398,0,2,0,180,"Successful"
"Dell Exits Low-End China [[Consumer]] PC Market  HONG KONG (Reuters) - Dell Inc. &lt;DELL.O&gt;, the world's  largest PC maker, said on Monday it has left the low-end  consumer PC market in China and cut its overall growth target  for the country this year due to stiff competition in the  segment.","Dell Exits Low-End China [[Shoppers]] PC Market  HONG KONG (Reuters) - Dell Inc. &lt;DELL.O&gt;, the world's  largest PC maker, said on Monday it has left the low-end  consumer PC market in China and cut its overall growth target  for the country this year due to stiff competition in the  segment.",0.2818306088447571,0.6265736818313599,3,2,3,56,"Successful"
"[[China]] [[Says]] [[Taiwan]] Spy [[Also]] Operated in U.S. - Media  [[BEIJING]] ([[Reuters]]) - [[Beijing]] on [[Monday]] [[accused]] a  Chinese-American arrested for [[spying]] for [[Taiwan]] of [[building]] an  [[espionage]] network in the United [[States]], and said he could go on  trial [[very]] [[soon]].","[[Chine]] [[States]] [[Canton]] Spy [[Equally]] Operated in U.S. - Media  [[GUANGZHOU]] ([[Newsday]]) - [[Richland]] on [[Wd]] [[convicts]] a  Chinese-American arrested for [[kgb]] for [[Terrace]] of [[architecture]] an  [[hyena]] network in the United [[Staten]], and said he could go on  trial [[incredibly]] [[straightaway]].",0.0003600120544433594,0.7410910725593567,0,2,0,436,"Successful"
"[[Another]] Major Non-Factor Another major, another [[disappointment]] for Tiger Woods, the [[No]]. 1 ranked [[player]] in the [[world]] who [[has]] not won a major [[championship]] since his [[triumph]] at the 2002 U.[[S]]. [[Open]].","[[A]] Major Non-Factor Another major, another [[despair]] for Tiger Woods, the [[Non]]. 1 ranked [[pianist]] in the [[internationale]] who [[gets]] not won a major [[tournament]] since his [[triumphant]] at the 2002 U.[[p]]. [[Tennis]].",0.0003858804702758789,0.4940909743309021,1,1,1,415,"Failed"
"US fighter squadron to be deployed in South Korea next month (AFP) AFP - [[A]] [[squadron]] of US Air Force F-15E [[fighters]] based in Alaska will [[fly]] to South Korea next month for temporary deployment [[aimed]] at enhancing [[US]] [[firepower]] on the Korean [[peninsula]], [[US]] authorities [[said]].","US fighter squadron to be deployed in South Korea next month (AFP) AFP - [[paras]] [[squads]] of US Air Force F-15E [[wrestlers]] based in Alaska will [[airliner]] to South Korea next month for temporary deployment [[centered]] at enhancing [[VS]] [[heats]] on the Korean [[correspondent]], [[AMERICANA]] authorities [[affirms]].",0.0003782510757446289,0.5714164972305298,0,1,0,329,"Successful"
"[[Johnson]] Back to [[His]] [[Best]] as D-Backs [[End]] [[Streak]]  [[NEW]] [[YORK]] ([[Reuters]]) - [[Randy]] [[Johnson]] struck out 14 [[batters]] in  8 1/3 [[innings]] to help the [[Arizona]] Diamondbacks [[end]] a nine-game  [[losing]] [[streak]] with a 2-0 [[win]] over the [[host]] [[New]] [[York]] [[Mets]] in the  [[National]] [[League]] [[Sunday]].","[[J]] Back to [[It]] [[Maxima]] as D-Backs [[Conclusion]] [[Avalanche]]  [[NOVA]] [[WESTCHESTER]] ([[Newsday]]) - [[Cody]] [[Carter]] struck out 14 [[batsman]] in  8 1/3 [[netball]] to help the [[Fresno]] Diamondbacks [[stops]] a nine-game  [[waste]] [[avalanche]] with a 2-0 [[jens]] over the [[hosted]] [[Ny]] [[Westchester]] [[Royals]] in the  [[Nation]] [[Alliance]] [[Fri]].",6.16312026977539e-05,0.00016319751739501953,1,1,1,696,"Failed"
"Restive [[Maldives]] [[eases]] curfew after [[rounding]] up dissidents (AFP) AFP - [[A]] curfew in the [[capital]] of the [[Maldives]] was [[eased]] but parliament [[sessions]] were [[put]] off [[indefinitely]] and [[emergency]] [[rule]] [[continued]] [[following]] [[last]] week's [[riots]], [[officials]] and [[residents]] [[said]].","Restive [[Barbados]] [[easing]] curfew after [[rounded]] up dissidents (AFP) AFP - [[para]] curfew in the [[investing]] of the [[Aruba]] was [[minimize]] but parliament [[hearings]] were [[filed]] off [[perpetually]] and [[contingency]] [[qaeda]] [[continuing]] [[suites]] [[yesteryear]] week's [[ailments]], [[patrolman]] and [[pueblo]] [[testified]].",0.00019246339797973633,0.5812176465988159,0,2,0,516,"Successful"
"Vodafone [[hires]] Citi for Cesky bid (TheDeal.com) TheDeal.com - The U.K. [[mobile]] giant wants to find a way to disentagle the Czech [[wireless]] and fixed-line businesses.","Vodafone [[hiring]] Citi for Cesky bid (TheDeal.com) TheDeal.com - The U.K. [[mobil]] giant wants to find a way to disentagle the Czech [[walkie]] and fixed-line businesses.",0.00029969215393066406,0.6740363836288452,3,2,3,70,"Successful"
"Dollar Briefly Hits 4-Wk Low Vs Euro  [[LONDON]] ([[Reuters]]) - The dollar [[dipped]] to a four-week low  against the euro on Monday before [[rising]] slightly on  profit-taking, but [[steep]] [[oil]] prices and [[weak]] U.[[S]]. [[data]]  continued to [[fan]] worries about the health of the world's  largest economy.","Dollar Briefly Hits 4-Wk Low Vs Euro  [[PADDINGTON]] ([[Newsday]]) - The dollar [[engulfed]] to a four-week low  against the euro on Monday before [[raising]] slightly on  profit-taking, but [[vehement]] [[petrol]] prices and [[unsecured]] U.[[z]]. [[details]]  continued to [[blowers]] worries about the health of the world's  largest economy.",0.002606511116027832,0.6425800323486328,2,0,2,334,"Successful"
"Promoting a Shared Vision As Michael Kaleko kept running into people who were getting older and having more vision problems, he realized he could do something about it.","Promoting a Shared Vision As Michael Kaleko kept running into people who were getting older and having more vision problems, he realized he could do something about it.",0.9618319869041443,0.9618319869041443,1,1,3,1,"Skipped"
"India's [[Tata]] [[expands]] [[regional]] footprint [[via]] NatSteel buyout (AFP) AFP - India's [[Tata]] [[Iron]] and [[Steel]] [[Company]] [[Ltd]]. [[took]] a [[strategic]] step to expand its Asian footprint with the announcement it [[will]] buy the Asia-Pacific [[steel]] [[operations]] of Singapore's NatSteel [[Ltd]].","India's [[Puto]] [[growth]] [[spatial]] footprint [[among]] NatSteel buyout (AFP) AFP - India's [[Faggot]] [[Fer]] and [[Galvanized]] [[Entrepreneurs]] [[Meagre]]. [[ai]] a [[strategist]] step to expand its Asian footprint with the announcement it [[alacrity]] buy the Asia-Pacific [[iron]] [[surgeries]] of Singapore's NatSteel [[Capped]].",0.0008374452590942383,0.76157546043396,0,2,0,322,"Successful"
"[[Delegates]] [[Urge]] [[Cleric]] to [[Pull]] [[Out]] of [[Najaf]] [[BAGHDAD]], [[Iraq]] - [[Delegates]] at Iraq's [[National]] [[Conference]] called on [[radical]] [[Shiite]] [[cleric]] Muqtada al-Sadr to [[abandon]] his [[uprising]] against U.[[S]]. and [[Iraqi]] [[troops]] and pull his [[fighters]] out of a [[holy]] [[shrine]] in [[Najaf]]...","[[Representing]] [[Solicited]] [[Padre]] to [[Sweatshirt]] [[Outdoors]] of [[Iraqi]] [[IRANIAN]], [[Pentagon]] - [[Deputize]] at Iraq's [[Patriotism]] [[Symposium]] called on [[drastic]] [[Shea]] [[vicar]] Muqtada al-Sadr to [[abandonment]] his [[revolt]] against U.[[rs]]. and [[Afghan]] [[troupe]] and pull his [[wrestlers]] out of a [[sant]] [[sanctum]] in [[Ayatollah]]...",0.0002155900001525879,0.501830518245697,0,1,0,558,"Successful"
"[[Treasuries]] [[Slip]] as [[Stocks]] [[Rally]]  [[NEW]] YORK (Reuters) - [[U]].S. [[Treasury]] [[debt]] [[prices]] slipped on  [[Monday]], though [[traders]] [[characterized]] the [[move]] as profit-taking  [[rather]] than any [[fundamental]] [[change]] in [[sentiment]].","[[Lovelies]] [[Acetate]] as [[Exchanging]] [[Cheer]]  [[NOUVELLE]] YORK (Reuters) - [[o]].S. [[Treasuries]] [[debts]] [[taxes]] slipped on  [[Mons]], though [[businessmen]] [[hardcore]] the [[relocate]] as profit-taking  [[even]] than any [[basic]] [[tampered]] in [[climate]].",0.00023061037063598633,0.8867611289024353,2,1,2,561,"Successful"
"Dollar Rises [[Vs]] Euro on [[Asset]] [[Flows]] [[Data]]  NEW [[YORK]] ([[Reuters]]) - The dollar extended gains against the  [[euro]] on [[Monday]] after a [[report]] on [[flows]] into [[U]].[[S]]. [[assets]] [[showed]]  enough of a [[rise]] in [[foreign]] [[investments]] to [[offset]] the current  account [[gap]] for the [[month]].","Dollar Rises [[Five]] Euro on [[Wares]] [[Tok]] [[Dane]]  NEW [[SCARSDALE]] ([[Newsday]]) - The dollar extended gains against the  [[euros]] on [[Wednesday]] after a [[liaise]] on [[influx]] into [[oder]].[[rs]]. [[possessions]] [[displaying]]  enough of a [[soars]] in [[external]] [[investment]] to [[counter]] the current  account [[deficiency]] for the [[mes]].",0.00025910139083862305,0.5181136131286621,2,0,2,407,"Successful"
"[[Sutton]] [[Adds]] [[Haas]], Cink to Ryder [[Cup]] [[Team]]  MILWAUKEE ([[Sports]] [[Network]]) - U.[[S]]. Ryder [[Cup]] captain [[Hal]]  [[Sutton]] [[finalized]] his [[team]] on [[Monday]] when he [[announced]] the  [[selections]] of Jay [[Haas]] and [[Stewart]] Cink as his captain's [[picks]].","[[Guildford]] [[Extras]] [[Haa]], Cink to Ryder [[Championships]] [[Groups]]  MILWAUKEE ([[Leisure]] [[Nets]]) - U.[[ies]]. Ryder [[Championship]] captain [[Hoi]]  [[Leigh]] [[terminate]] his [[squad]] on [[Mondays]] when he [[advertising]] the  [[selection]] of Jay [[Hess]] and [[Graeme]] Cink as his captain's [[picked]].",6.711483001708984e-05,0.00024813413619995117,1,1,1,635,"Failed"
"[[Haas]] and Cink [[Selected]] for [[Ryder]] [[Cup]] [[Team]] [[Jay]] Haas [[joined]] Stewart Cink as the two captain's [[picks]] for a [[U]].S. team that [[will]] [[try]] to [[regain]] the [[cup]] from Europe next month.","[[Aha]] and Cink [[Favorite]] for [[Jockey]] [[Trophy]] [[Grupo]] [[Gay]] Haas [[endorses]] Stewart Cink as the two captain's [[withheld]] for a [[o]].S. team that [[hope]] [[strives]] to [[recover]] the [[trophy]] from Europe next month.",0.00023692846298217773,0.5212532877922058,1,0,1,378,"Successful"
"[[Natalie]] [[Coughlin]] [[Wins]] 100M Backstroke ([[AP]]) [[AP]] - [[American]] [[Natalie]] Coughlin won [[Olympic]] gold in the 100-meter backstroke [[Monday]] [[night]]. Coughlin, the only [[woman]] ever to [[swim]] under 1 [[minute]] in the [[event]], finished first in 1 [[minute]], 0.37 seconds. Kirsty [[Coventry]] of Zimbabwe, who swims at [[Auburn]] [[University]] in Alabama, [[earned]] the silver in 1:00.50. Laure Manaudou of France took [[bronze]] in 1:00.88.","[[Tatjana]] [[Shanahan]] [[Vanquishing]] 100M Backstroke ([[ACRES]]) [[HECTARES]] - [[Latin]] [[Natalia]] Coughlin won [[Olympus]] gold in the 100-meter backstroke [[Hoy]] [[soiree]]. Coughlin, the only [[baroness]] ever to [[bathing]] under 1 [[moments]] in the [[protest]], finished first in 1 [[seconds]], 0.37 seconds. Kirsty [[Guilford]] of Zimbabwe, who swims at [[Brilliant]] [[Scholarly]] in Alabama, [[conferred]] the silver in 1:00.50. Laure Manaudou of France took [[shantung]] in 1:00.88.",0.0004633665084838867,0.545371413230896,1,0,1,558,"Successful"
"Oracle Overhauls Sales-Side [[Apps]] for [[CRM]] [[Suite]] (NewsFactor) NewsFactor - Oracle ([[Nasdaq]]: ORCL) [[has]] revamped its sales-side CRM [[applications]] in [[version]] 11i.10 of its [[sales]], [[marketing]], [[partner]] [[relationship]] [[management]] and e-commerce [[application]].","Oracle Overhauls Sales-Side [[Nominees]] for [[DEB]] [[Continued]] (NewsFactor) NewsFactor - Oracle ([[Amex]]: ORCL) [[acres]] revamped its sales-side CRM [[demand]] in [[editorial]] 11i.10 of its [[salts]], [[mercantile]], [[comrades]] [[correlation]] [[managing]] and e-commerce [[pray]].",0.000283658504486084,0.27575987577438354,3,3,3,366,"Failed"
"[[UN]] [[launches]] 210-million-dollar [[appeal]] for flood-hit [[Bangladesh]] (AFP) AFP - The [[United]] Nations [[launched]] an [[appeal]] here for 210 million [[dollars]] to [[help]] [[flood]] [[victims]] [[facing]] ""grave"" [[food]] [[shortages]] after two-thirds of Bangladesh was [[submerged]], [[destroying]] [[crops]] and [[killing]] more than 700 [[people]].","[[INTERNATIONAL]] [[beginning]] 210-million-dollar [[attracting]] for flood-hit [[Mongolia]] (AFP) AFP - The [[Unite]] Nations [[launches]] an [[attractive]] here for 210 million [[billions]] to [[allows]] [[stream]] [[survivor]] [[cope]] ""grave"" [[nutrients]] [[scarcity]] after two-thirds of Bangladesh was [[sinking]], [[destruction]] [[civilization]] and [[homicidal]] more than 700 [[populations]].",0.00017946958541870117,0.5124739408493042,0,3,0,716,"Successful"
"[[Indian]] [[state]] rolls out wireless broadband [[Government]] in [[South]] Indian state of Kerala sets up wireless kiosks as part of [[initiative]] to [[bridge]] [[digital]] divide.","[[Lndian]] [[nation]] rolls out wireless broadband [[Gov]] in [[Syd]] Indian state of Kerala sets up wireless kiosks as part of [[endeavor]] to [[aisle]] [[numerical]] divide.",0.017847716808319092,0.5378105640411377,3,2,3,131,"Successful"
"Hurricane Survivors Wait for Water, Gas PUNTA GORDA, Fla. - [[Urban]] [[rescue]] teams, insurance adjusters and [[National]] [[Guard]] [[troops]] scattered across [[Florida]] [[Monday]] to [[help]] [[victims]] of [[Hurricane]] [[Charley]] and [[deliver]] water and other [[supplies]] to [[thousands]] of [[people]] [[left]] [[homeless]]...","Hurricane Survivors Wait for Water, Gas PUNTA GORDA, Fla. - [[Ville]] [[salvation]] teams, insurance adjusters and [[Nationally]] [[Housekeeper]] [[troupe]] scattered across [[Ornamental]] [[Nowadays]] to [[substantiate]] [[mortals]] of [[Tempest]] [[Charly]] and [[delivery]] water and other [[stock]] to [[mille]] of [[nationality]] [[letting]] [[strays]]...",0.00021666288375854492,0.6163569688796997,0,2,0,457,"Successful"
"Jackson Squares Off With Prosecutor [[SANTA]] MARIA, Calif. - Fans of [[Michael]] Jackson erupted in cheers [[Monday]] as the [[pop]] star [[emerged]] from a double-decker [[tour]] bus and [[went]] into [[court]] for a showdown with the prosecutor who has pursued him for [[years]] on [[child]] molestation [[charges]]...","Jackson Squares Off With Prosecutor [[SAINTS]] MARIA, Calif. - Fans of [[Michel]] Jackson erupted in cheers [[Yesterday]] as the [[baba]] star [[occurred]] from a double-decker [[travels]] bus and [[was]] into [[courtyard]] for a showdown with the prosecutor who has pursued him for [[yr]] on [[youths]] molestation [[costing]]...",0.00020951032638549805,0.8289071917533875,0,1,0,389,"Successful"
"Bobcats [[Trade]] Drobnjak to [[Hawks]] for [[Pick]] (AP) [[AP]] - The Charlotte Bobcats [[traded]] [[center]] Predrag Drobnjak to the [[Atlanta]] Hawks on [[Monday]] for a [[second]] [[round]] [[pick]] in the 2005 NBA draft.","Bobcats [[Barter]] Drobnjak to [[Hornets]] for [[Click]] (AP) [[OA]] - The Charlotte Bobcats [[marketplace]] [[facilities]] Predrag Drobnjak to the [[Almeria]] Hawks on [[Wd]] for a [[s]] [[cycling]] [[elects]] in the 2005 NBA draft.",9.870529174804688e-05,0.00018459558486938477,1,1,1,395,"Failed"
"[[Suspect]] charged in [[abduction]], sexual assault of 11-year-old girl (Canadian [[Press]]) Canadian [[Press]] - LANGLEY, [[B]].C. ([[CP]]) - Police [[have]] [[arrested]] a [[man]] in the kidnapping and [[sexual]] [[assault]] of an 11-year-old [[girl]] that frightened this [[suburban]] Vancouver community last week.","[[Mistrustful]] charged in [[subtraction]], sexual assault of 11-year-old girl (Canadian [[Pressing]]) Canadian [[Pisa]] - LANGLEY, [[d]].C. ([[POPS]]) - Police [[owns]] [[custody]] a [[gaillard]] in the kidnapping and [[pornographic]] [[offense]] of an 11-year-old [[cheerleader]] that frightened this [[suburbs]] Vancouver community last week.",0.0003795623779296875,0.6190180778503418,0,1,0,390,"Successful"
"China's Red [[Flag]] Linux to focus on [[enterprise]] [[Red]] [[Flag]] Software Co., the [[company]] behind China's leading [[Linux]] client [[distribution]], [[plans]] to focus more on its [[server]] operating system and [[enterprise]] [[customers]], the company's [[acting]] [[president]] [[said]].","China's Red [[Labelled]] Linux to focus on [[societies]] [[Khmer]] [[Mark]] Software Co., the [[troupe]] behind China's leading [[Unix]] client [[spanned]], [[agenda]] to focus more on its [[servers]] operating system and [[entrepreneur]] [[purchaser]], the company's [[behaved]] [[chaired]] [[argued]].",0.0013374090194702148,0.4925989508628845,3,3,3,629,"Failed"
"AOL [[Properties]] [[Sign]] Girafa [[For]] [[Thumbnail]] Search [[Images]] AOL [[Properties]] [[Sign]] Girafa [[For]] Thumbnail [[Search]] [[Images]]\\Girafa.com [[Inc]]. [[announced]] [[today]] that the CompuServe, [[Netscape]], [[AIM]] and ICQ [[properties]] of [[America]] [[Online]], Inc., [[have]] [[signed]] an [[agreement]] with Girafa to [[use]] Girafa's [[thumbnail]] [[search]] [[images]] as an [[integrated]] [[part]] of their [[search]] [[results]].\\[[Using]] Girafa's thumbnail search [[service]], [[search]] users can ...","AOL [[Character]] [[Mark]] Girafa [[Through]] [[Miniature]] Search [[Pictured]] AOL [[Attributes]] [[Indication]] Girafa [[With]] Thumbnail [[Locating]] [[Pictured]]\\Girafa.com [[Lnc]]. [[tell]] [[yesterday]] that the CompuServe, [[Aol]], [[DESTINIES]] and ICQ [[tovar]] of [[Us]] [[Cyberspace]], Inc., [[ont]] [[undersigned]] an [[agreements]] with Girafa to [[consuming]] Girafa's [[miniature]] [[explores]] [[footage]] as an [[include]] [[parti]] of their [[excavations]] [[output]].\\[[Recourse]] Girafa's thumbnail search [[serves]], [[pursuit]] users can ...",0.00020390748977661133,0.0012884140014648438,3,3,3,1121,"Failed"
"Cassini [[Spies]] Two [[Little]] [[Saturn]] [[Moons]] ([[AP]]) [[AP]] - NASA's Cassini [[spacecraft]] [[has]] [[spied]] [[two]] [[new]] [[little]] [[moons]] around satellite-rich [[Saturn]], the space [[agency]] [[said]] [[Monday]].","Cassini [[Kgb]] Two [[Kid]] [[Moons]] [[Luna]] ([[PA]]) [[HA]] - NASA's Cassini [[spaceships]] [[hague]] [[espionage]] [[three]] [[roman]] [[humble]] [[moon]] around satellite-rich [[Uranus]], the space [[organisation]] [[asserted]] [[Friday]].",0.0006057024002075195,0.06068354845046997,3,3,3,400,"Failed"
"[[On]] [[front]] line of AIDS in Russia An industrial [[city]] northwest of Moscow [[struggles]] as AIDS [[hits]] a [[broader]] [[population]].","[[Around]] [[frontal]] line of AIDS in Russia An industrial [[municipality]] northwest of Moscow [[fiight]] as AIDS [[touches]] a [[longer]] [[populations]].",0.0016139745712280273,0.701453447341919,0,3,0,244,"Successful"
"[[Nobel]] [[Laureate]] Decries [[Stem]] Cell Limits (AP) AP - A [[Nobel]] [[laureate]] in [[medicine]] said [[Monday]] the Bush administration's limits on [[funding]] for [[embryonic]] stem [[cell]] research [[effectively]] [[have]] stopped the clock on American scientists' [[efforts]] to [[develop]] treatments for a [[host]] of [[chronic]], [[debilitating]] [[diseases]].","[[Awarding]] [[Beneficiary]] Decries [[Shoot]] Cell Limits (AP) AP - A [[Awarding]] [[awarding]] in [[medecine]] said [[Jue]] the Bush administration's limits on [[treasuries]] for [[unborn]] stem [[cells]] research [[genuinely]] [[enjoy]] stopped the clock on American scientists' [[tried]] to [[establish]] treatments for a [[organise]] of [[dogged]], [[devastating]] [[woes]].",0.0009733438491821289,0.5496882796287537,3,0,3,580,"Successful"
"[[Jury]] [[Can]] [[Hear]] of Kobe Accuser's [[Sex]] [[Life]] (AP) AP - Prosecutors [[suffered]] another [[setback]] [[Monday]] in the Kobe [[Bryant]] [[sexual]] [[assault]] [[case]], [[losing]] a last-ditch [[attempt]] to [[keep]] the NBA star's [[lawyers]] from [[telling]] [[jurors]] about the [[alleged]] victim's [[sex]] [[life]].","[[Dashboard]] [[Ca]] [[Realise]] of Kobe Accuser's [[Pornographic]] [[Forever]] (AP) AP - Prosecutors [[piloted]] another [[reverse]] [[Nowadays]] in the Kobe [[Lakers]] [[pornographic]] [[attacks]] [[files]], [[wasting]] a last-ditch [[aims]] to [[protecting]] the NBA star's [[consultancy]] from [[uncovering]] [[juries]] about the [[hypothetical]] victim's [[heterosexuals]] [[liv]].",7.855892181396484e-05,0.581286609172821,1,3,1,663,"Successful"
"[[North]] [[Korea]] [[Talks]] [[Still]] [[On]], [[China]] [[Tells]] Downer ([[Reuters]]) Reuters - China [[has]] [[said]] no [[date]] [[has]] been [[set]] for\working-level [[talks]] on the [[North]] Korean nuclear [[crisis]] and gave\no indication that the meeting has been canceled, Australian\[[Foreign]] Minister Alexander Downer said on [[Tuesday]].","[[Nordic]] [[Corrie]] [[Lectures]] [[Then]] [[During]], [[Porcelain]] [[Tell]] Downer ([[Newsday]]) Reuters - China [[acres]] [[alluded]] no [[moments]] [[acres]] been [[games]] for\working-level [[schmooze]] on the [[Upcountry]] Korean nuclear [[meltdown]] and gave\no indication that the meeting has been canceled, Australian\[[Outdoors]] Minister Alexander Downer said on [[Nowadays]].",0.00025159120559692383,0.9812350273132324,0,3,0,473,"Successful"
"[[Griffin]] to [[Anchor]] D-Line The [[Redskins]] [[expect]] [[huge]] [[things]] from 300-pound Cornelius Griffin, who was [[signed]] to [[aid]] the team's [[weakest]] unit - the [[defensive]] line.","[[Griffith]] to [[Berth]] D-Line The [[Longhorns]] [[predicts]] [[massive]] [[topics]] from 300-pound Cornelius Griffin, who was [[autographed]] to [[allowed]] the team's [[smallest]] unit - the [[protective]] line.",0.00012576580047607422,0.028392016887664795,1,1,1,322,"Failed"
"[[Last]] American [[defector]] in [[North]] [[Korea]] [[agrees]] to [[tell]] [[story]] (AFP) AFP - The [[last]] [[surviving]] American [[defector]] to [[communist]] [[North]] [[Korea]] [[wants]] to [[tell]] his [[story]] to [[put]] a human [[face]] on the [[Stalinist]] [[state]] which he [[believes]] is [[unfairly]] [[vilified]] [[abroad]], [[British]] film-makers [[said]].","[[Latest]] American [[insurgent]] in [[Scandinavia]] [[Hahn]] [[subscribed]] to [[chat]] [[floors]] (AFP) AFP - The [[latest]] [[survival]] American [[insurgent]] to [[commie]] [[Upstate]] [[Hahn]] [[gonna]] to [[announce]] his [[annals]] to [[tabled]] a human [[facing]] on the [[Gulag]] [[public]] which he [[estimating]] is [[illegally]] [[badgered]] [[outwardly]], [[Anglican]] film-makers [[mentioned]].",0.00020140409469604492,0.00650942325592041,0,0,0,725,"Failed"
"[[Live]]: Olympics day four Richard Faulds and Stephen Parry are going for gold for Great Britain on day four in Athens.","[[Vivre]]: Olympics day four Richard Faulds and Stephen Parry are going for gold for Great Britain on day four in Athens.",0.40489017963409424,0.9722857475280762,0,1,0,41,"Successful"
"[[Kerry]] Widens Lead in California, Poll Finds (Reuters) [[Reuters]] - Democratic [[challenger]] [[John]] [[Kerry]]\[[has]] a commanding lead over President Bush in California of 54\percent to 38 percent among likely [[voters]], a poll [[released]] on\Tuesday found.","[[Keri]] Widens Lead in California, Poll Finds (Reuters) [[Newsday]] - Democratic [[suitors]] [[Juni]] [[Buchanan]]\[[acres]] a commanding lead over President Bush in California of 54\percent to 38 percent among likely [[referendum]], a poll [[emitted]] on\Tuesday found.",0.0002948641777038574,0.788185715675354,0,2,0,185,"Successful"
"[[Capacity]] [[Crowds]] at [[Beach]] [[Volleyball]] Rock the [[Joint]]  [[ATHENS]] (Reuters) - At the beach volleyball, the 2004  Olympics is a sell-out, foot-stomping [[success]].","[[Agility]] [[Congregating]] at [[Bathing]] [[Weightlifting]] Rock the [[Common]]  [[ARTEMIS]] (Reuters) - At the beach volleyball, the 2004  Olympics is a sell-out, foot-stomping [[attaining]].",0.0002918839454650879,0.9943236112594604,1,3,1,185,"Successful"
"Dollar Near Recent Lows, Awaits ZEW/CPI  LONDON ([[Reuters]]) - The dollar held [[steady]] near this week's  four-week [[low]] against the euro on Tuesday with investors  awaiting a German [[investor]] [[confidence]] [[survey]] and [[U]].[[S]]. [[consumer]]  inflation [[numbers]] to [[shed]] [[light]] on the [[direction]].","Dollar Near Recent Lows, Awaits ZEW/CPI  LONDON ([[Newsday]]) - The dollar held [[stable]] near this week's  four-week [[minimum]] against the euro on Tuesday with investors  awaiting a German [[capitalism]] [[credibility]] [[inquires]] and [[yu]].[[p]]. [[consuming]]  inflation [[numbering]] to [[secrete]] [[spotlight]] on the [[arshad]].",0.002979099750518799,0.5136809945106506,2,0,2,318,"Successful"
"Intel to delay product aimed for high-definition TVs SAN FRANCISCO -- In the latest of a series of product delays, Intel Corp. has postponed the launch of a video display chip it had previously planned to introduce by year end, putting off a showdown with Texas Instruments Inc. in the fast-growing market for high-definition television displays.","Intel to delay product aimed for high-definition TVs SAN FRANCISCO -- In the latest of a series of product delays, Intel Corp. has postponed the launch of a video display chip it had previously planned to introduce by year end, putting off a showdown with Texas Instruments Inc. in the fast-growing market for high-definition television displays.",0.9976113438606262,0.9976113438606262,3,3,2,1,"Skipped"
"Venezuela vote keeps Chavez as president CARACAS -- Venezuelans voted resoundingly to keep firebrand [[populist]] Hugo Chavez as their president in a victory that drew noisy reactions yesterday from both sides in the [[streets]]. International [[observers]] certified the results as clean and accurate.","Venezuela vote keeps Chavez as president CARACAS -- Venezuelans voted resoundingly to keep firebrand [[demagogy]] Hugo Chavez as their president in a victory that drew noisy reactions yesterday from both sides in the [[lane]]. International [[supervisory]] certified the results as clean and accurate.",0.004066169261932373,0.5509257316589355,0,2,0,80,"Successful"
"Jailing of [[HK]] [[democrat]] in [[China]] 'politically motivated' (AFP) AFP - [[Hong]] [[Kong]] [[democrats]] [[accused]] [[China]] of jailing one of their members on trumped-up [[prostitution]] [[charges]] in a [[bid]] to [[disgrace]] a [[political]] [[movement]] [[Beijing]] [[has]] been [[feuding]] with for seven [[years]].","Jailing of [[HONG]] [[congo]] in [[Wah]] 'politically motivated' (AFP) AFP - [[Kang]] [[Hong]] [[romney]] [[perp]] [[Wah]] of jailing one of their members on trumped-up [[hussy]] [[charging]] in a [[bidding]] to [[shame]] a [[statesmen]] [[traveling]] [[Tianjin]] [[owns]] been [[vendetta]] with for seven [[seniors]].",0.00018924474716186523,0.0007842779159545898,0,0,0,408,"Failed"
"Kmart Swings to Profit in 2Q; Stock Surges (AP) AP - Shares of Kmart [[Holding]] [[Corp]]. surged 17 percent Monday after the [[discount]] [[retailer]] reported a profit for the second quarter and said chairman and majority owner Edward Lampert is now free to invest the company's  #36;2.6 billion in surplus cash.","Kmart Swings to Profit in 2Q; Stock Surges (AP) AP - Shares of Kmart [[Convened]] [[Eilat]]. surged 17 percent Monday after the [[repay]] [[trafficker]] reported a profit for the second quarter and said chairman and majority owner Edward Lampert is now free to invest the company's  #36;2.6 billion in surplus cash.",0.0005824565887451172,0.612726092338562,2,0,2,151,"Successful"
"Fischer's Fiancee: Marriage Plans Genuine (AP) AP - Former [[chess]] champion [[Bobby]] Fischer's announcement thathe is engaged to a Japanese woman could win him sympathy among Japanese officials and help him avoid deportation to the United States, his fiancee and one of his supporters said Tuesday.","Fischer's Fiancee: Marriage Plans Genuine (AP) AP - Former [[errors]] champion [[Bobbie]] Fischer's announcement thathe is engaged to a Japanese woman could win him sympathy among Japanese officials and help him avoid deportation to the United States, his fiancee and one of his supporters said Tuesday.",0.00044649839401245117,0.8867518901824951,0,1,0,90,"Successful"
"U.S. Misses Cut in Olympic 100 Free ATHENS, [[Greece]] - Top American sprinters Jason Lezak and Ian Crocker missed the cut in the Olympic 100-meter freestyle preliminaries Tuesday, a stunning blow for a country that had always done well in the event.    Pieter van den Hoogenband of the Netherlands and Australian Ian Thorpe advanced to the evening semifinal a day after dueling teenager Michael Phelps in the 200 freestyle, won by [[Thorpe]]...","U.S. Misses Cut in Olympic 100 Free ATHENS, [[Greco]] - Top American sprinters Jason Lezak and Ian Crocker missed the cut in the Olympic 100-meter freestyle preliminaries Tuesday, a stunning blow for a country that had always done well in the event.    Pieter van den Hoogenband of the Netherlands and Australian Ian Thorpe advanced to the evening semifinal a day after dueling teenager Michael Phelps in the 200 freestyle, won by [[Capitaine]]...",0.0002700686454772949,0.9924216270446777,0,1,0,65,"Successful"
"[[Consumers]] [[Would]] Pay In [[Phone]] Proposal A [[proposal]] backed by a coalition of telephone carriers would cut [[billions]] of [[dollars]] in [[fees]] owed by long-distance companies to regional phone giants but would [[allow]] the regional [[companies]] to make up some of the difference by raising monthly phone bills for [[millions]] of [[consumers]]. &lt;FONT face=""verdana,MS Sans Serif,arial,helvetica"" [[size]]=""-2""\ color=""#666666""&gt;&[[lt]];B&gt;-The Washington [[Post]]&lt;/B&gt;&lt;/[[FONT]]&gt;","[[Buyers]] [[Gonna]] Pay In [[Drew]] Proposal A [[insinuate]] backed by a coalition of telephone carriers would cut [[gazillion]] of [[dollar]] in [[costa]] owed by long-distance companies to regional phone giants but would [[activated]] the regional [[undertakings]] to make up some of the difference by raising monthly phone bills for [[m]] of [[patrons]]. &lt;FONT face=""verdana,MS Sans Serif,arial,helvetica"" [[magnitude]]=""-2""\ color=""#666666""&gt;&[[lieutenant]];B&gt;-The Washington [[Jobs]]&lt;/B&gt;&lt;/[[FUENTES]]&gt;",0.0043038129806518555,0.5562726259231567,3,2,3,384,"Successful"
"[[U]].[[S]]. [[Brokers]] Cease-fire in Western [[Afghanistan]]  [[KABUL]] ([[Reuters]]) - The United [[States]] [[has]] [[brokered]] a  cease-fire between a renegade [[Afghan]] [[militia]] [[leader]] and the  embattled [[governor]] of the [[western]] [[province]] of Herat,  Washington's [[envoy]] to [[Kabul]] [[said]] [[Tuesday]].","[[xin]].[[ies]]. [[Traffickers]] Cease-fire in Western [[Bagdad]]  [[PESHAWAR]] ([[Newsday]]) - The United [[Staten]] [[hectares]] [[negotiators]] a  cease-fire between a renegade [[Kabul]] [[gang]] [[leiter]] and the  embattled [[mayor]] of the [[sahara]] [[columbia]] of Herat,  Washington's [[ambassador]] to [[Khyber]] [[mention]] [[Thursdays]].",0.00024574995040893555,0.0009000301361083984,0,0,0,481,"Failed"
"Sneaky [[Credit]] Card Tactics Keep an eye on your [[credit]] card issuers -- they may be about to raise your rates.","Sneaky [[Credibility]] Card Tactics Keep an eye on your [[debt]] card issuers -- they may be about to raise your rates.",0.08538162708282471,0.5556219816207886,2,3,2,47,"Successful"
"Intel [[Delays]] [[Launch]] of Projection TV Chip In another [[product]] postponement, semiconductor giant Intel Corp. said it won't [[be]] offering a chip for projection TVs by the [[end]] of 2004 as it had [[announced]] [[earlier]] this [[year]].","Intel [[Lagged]] [[Opening]] of Projection TV Chip In another [[yield]] postponement, semiconductor giant Intel Corp. said it won't [[is]] offering a chip for projection TVs by the [[completion]] of 2004 as it had [[asserted]] [[anterior]] this [[olds]].",0.001628100872039795,0.5249391198158264,3,2,3,293,"Successful"
"[[Fund]] [[pessimism]] [[grows]] [[NEW]] [[YORK]] ([[CNN]]/[[Money]]) - [[Money]] [[managers]] are [[growing]] more [[pessimistic]] about the [[economy]], [[corporate]] [[profits]] and [[US]] [[stock]] [[market]] [[returns]], [[according]] to a [[monthly]] [[survey]] by [[Merrill]] [[Lynch]] [[released]] [[Tuesday]]. ","[[Crate]] [[bitterness]] [[reinforce]] [[NOUVEAU]] [[SCARSDALE]] ([[RNC]]/[[Monetary]]) - [[Monies]] [[governing]] are [[surging]] more [[bleak]] about the [[economies]], [[societal]] [[salary]] and [[OURSELVES]] [[exchange]] [[commercialized]] [[returned]], [[conforming]] to a [[weekly]] [[polling]] by [[Bastien]] [[Bastien]] [[heralded]] [[Domingo]]. ",0.00020521879196166992,0.5025817155838013,2,0,2,679,"Successful"
"Kederis [[proclaims]] innocence Olympic [[champion]] [[Kostas]] Kederis [[today]] [[left]] [[hospital]] [[ahead]] of his [[date]] with IOC [[inquisitors]] [[claiming]] his [[innocence]] and [[vowing]]:  quot;[[After]] the crucifixion [[comes]] the [[resurrection]]. quot; ...","Kederis [[advertises]] innocence Olympic [[campaigner]] [[Spyros]] Kederis [[currents]] [[abandon]] [[healthcare]] [[anxiously]] of his [[personals]] with IOC [[interrogated]] [[claimed]] his [[absolution]] and [[pledged]]:  quot;[[If]] the crucifixion [[reaches]] the [[resuscitation]]. quot; ...",0.00011444091796875,0.09418654441833496,1,1,1,376,"Failed"
"[[Eriksson]] doesn #39;t [[feel]] any [[extra]] [[pressure]] [[following]] [[scandal]] [[NEWCASTLE]], [[England]] ([[AP]]) - [[England]] [[coach]] Sven-Goran [[Eriksson]] [[said]] [[Tuesday]] he isn #39;t under any [[extra]] [[pressure]] in the [[aftermath]] of a [[scandal]] that [[damaged]] the [[Football]] [[Association]] #39;s [[reputation]]. ","[[Andersson]] doesn #39;t [[hunch]] any [[ancillary]] [[lobbyist]] [[suite]] [[racket]] [[SUNDERLAND]], [[Britons]] ([[HECTARES]]) - [[Brittany]] [[trainer]] Sven-Goran [[Niklas]] [[advised]] [[Wed]] he isn #39;t under any [[ancillary]] [[insist]] in the [[persisted]] of a [[sleaze]] that [[undermine]] the [[Ballon]] [[Unionists]] #39;s [[renown]]. ",8.678436279296875e-05,0.9136452078819275,1,0,1,555,"Successful"
"[[Injured]] Heskey to [[miss]] [[England]] [[friendly]] [[NEWCASTLE]], [[England]] ([[AP]]) - [[Striker]] [[Emile]] Heskey [[has]] [[pulled]] out of the [[England]] [[squad]] [[ahead]] of [[Wednesday]] #39;s friendly against [[Ukraine]] [[because]] of a [[tight]] [[hamstring]], the [[Football]] [[Association]] [[said]] [[Tuesday]]. ","[[Losses]] Heskey to [[signora]] [[Britannia]] [[empathy]] [[LUTON]], [[Britannia]] ([[HECTARES]]) - [[Executor]] [[Amir]] Heskey [[owns]] [[withdrawals]] out of the [[Brit]] [[patrolling]] [[previously]] of [[Monday]] #39;s friendly against [[Kharkov]] [[than]] of a [[nearest]] [[gluteus]], the [[Ball]] [[Union]] [[mentioned]] [[Hier]]. ",8.893013000488281e-05,0.011466622352600098,1,1,1,527,"Failed"
"[[Staples]] [[Profit]] Up, to Enter China Market  [[NEW]] [[YORK]] (Reuters) - Staples Inc. &lt;A HREF=""[[http]]://www.[[investor]].reuters.com/FullQuote.aspx?ticker=SPLS.O target=/stocks/quickinfo/fullquote""&gt;SPLS.O&lt;/A&gt;, the [[top]] [[U]].[[S]].  [[office]] [[products]] [[retailer]], on [[Tuesday]] [[reported]] a 39 [[percent]] [[jump]]  in quarterly [[profit]], [[raised]] its full-year [[forecast]] and [[said]] it  [[plans]] to enter the fast-growing Chinese market, [[sending]] its  [[shares]] [[higher]].","[[Staple]] [[Achievements]] Up, to Enter China Market  [[RECENT]] [[SCARSDALE]] (Reuters) - Staples Inc. &lt;A HREF=""[[www]]://www.[[capitalism]].reuters.com/FullQuote.aspx?ticker=SPLS.O target=/stocks/quickinfo/fullquote""&gt;SPLS.O&lt;/A&gt;, the [[senior]] [[yeo]].[[p]].  [[desk]] [[foodstuffs]] [[dealer]], on [[Domingo]] [[spoken]] a 39 [[celsius]] [[hiking]]  in quarterly [[accomplishments]], [[augmentation]] its full-year [[prophecy]] and [[avowed]] it  [[arrangements]] to enter the fast-growing Chinese market, [[envoys]] its  [[commons]] [[better]].",0.00022977590560913086,0.0008548498153686523,2,2,2,943,"Failed"
"[[Delegation]] Is Delayed Before Reaching Najaf AGHDAD, [[Iraq]], [[Aug]]. 17  A delegation of [[Iraqis]] was delayed for security [[reasons]] today but [[still]] [[intended]] to [[visit]] Najaf to try to convince a [[rebellious]] [[Shiite]] [[cleric]] and his militia to evacuate a shrine in the holy [[city]] and [[end]] ...","[[Assignments]] Is Delayed Before Reaching Najaf AGHDAD, [[Pentagon]], [[Janeiro]]. 17  A delegation of [[Najaf]] was delayed for security [[incentives]] today but [[additionally]] [[goal]] to [[visitations]] Najaf to try to convince a [[apostate]] [[Shea]] [[padre]] and his militia to evacuate a shrine in the holy [[ville]] and [[expire]] ...",0.00023752450942993164,0.5331616401672363,0,1,0,398,"Successful"
"[[Consumer]] [[Prices]] Down, Industry [[Output]] Up  WASHINGTON (Reuters) - U.S. [[consumer]] prices [[dropped]] in July  for the first time in eight months as a sharp run up in energy  costs [[reversed]], the [[government]] [[said]] in a report that [[suggested]]  a slow rate of interest rate hikes is likely.","[[User]] [[Charging]] Down, Industry [[Product]] Up  WASHINGTON (Reuters) - U.S. [[clients]] prices [[dwindled]] in July  for the first time in eight months as a sharp run up in energy  costs [[quashed]], the [[goverment]] [[tell]] in a report that [[recommendation]]  a slow rate of interest rate hikes is likely.",0.0002675652503967285,0.6789931654930115,2,3,2,330,"Successful"


[Succeeded / Failed / Skipped / Total] 73 / 24 / 3 / 100: 100%|█| 10

+-------------------------------+--------+
| Attack Results                |        |
+-------------------------------+--------+
| Number of successful attacks: | 73     |
| Number of failed attacks:     | 24     |
| Number of skipped attacks:    | 3      |
| Original accuracy:            | 97.0%  |
| Accuracy under attack:        | 24.0%  |
| Attack success rate:          | 75.26% |
| Average perturbed word %:     | 26.7%  |
| Average num. words per input: | 43.16  |
| Avg num queries:              | 398.59 |
+-------------------------------+--------+